rank,name,pos,team,composite_half_ppr,ppg_half_ppr,games,production_score_half_ppr,opportunity_score,oline_score,qb_quality_score,sos_score,durability_score,touches,targets,snaps
1,Josh Allen,QB,BUF,76.39,22.04,17,100.0,78.5,84.4,100.0,0.4919,100.0,112.0,0,1033.0
2,Matthew Stafford,QB,LAR,73.75,21.08,17,95.5,87.9,68.8,81.4,0.5339,100.0,29.0,0,1045.0
3,Jonathan Taylor,RB,IND,73.24,19.96,17,92.5,80.7,90.6,57.2,0.4758,55.5,369.0,55.0,849.0
4,Puka Nacua,WR,LAR,73.01,19.41,16,100.0,56.8,68.8,81.4,0.5339,68.8,139.0,166.0,675.0
5,Drake Maye,QB,NE,72.59,21.14,17,95.8,81.3,62.5,81.9,0.479,100.0,104.0,1.0,1005.0
6,Caleb Williams,QB,CHI,72.27,19.07,17,86.1,96.7,87.5,65.4,0.5306,100.0,79.0,2.0,1088.0
7,Christian McCaffrey,RB,SF,71.65,21.51,17,100.0,86.3,71.9,79.3,0.4694,40.0,413.0,129.0,932.0
8,Trey McBride,TE,ARI,71.46,14.88,17,100.0,95.6,34.4,57.8,0.55,40.0,126.0,169.0,981.0
9,Bo Nix,QB,DEN,70.98,18.58,17,83.8,81.7,100.0,61.5,0.4823,100.0,83.0,1.0,1077.0
10,Justin Herbert,QB,LAC,70.98,18.74,16,84.5,97.3,81.2,62.8,0.5113,100.0,83.0,0,1043.0
11,Travis Kelce,TE,KC,69.51,9.13,17,59.2,98.2,78.1,82.0,0.4855,88.0,77.0,108.0,851.0
12,Jalen Hurts,QB,PHI,69.36,17.94,17,80.8,82.2,96.9,65.4,0.4726,100.0,105.0,0,965.0
13,James Cook,RB,BUF,69.13,16.81,17,77.3,68.3,84.4,100.0,0.4919,69.0,342.0,40.0,637.0
14,Brock Purdy,QB,SF,68.92,20.82,9,94.3,42.0,71.9,79.3,0.4694,100.0,33.0,0,576.0
15,Bijan Robinson,RB,ATL,68.65,19.49,17,90.2,84.3,75.0,22.6,0.5081,57.0,366.0,103.0,807.0
16,Patrick Mahomes,QB,KC,67.82,17.42,17,78.3,96.8,78.1,82.0,0.4855,100.0,65.0,1.0,934.0
17,Baker Mayfield,QB,TB,67.44,16.64,17,74.7,93.4,93.8,46.1,0.5274,100.0,55.0,0,1099.0
18,Dak Prescott,QB,DAL,67.41,19.05,17,86.0,86.0,50.0,65.2,0.5371,100.0,53.0,0,1107.0
19,Dallas Goedert,TE,PHI,66.62,10.34,15,67.8,74.6,96.9,65.4,0.4726,100.0,60.0,82.0,787.0
20,Trevor Lawrence,QB,JAX,66.47,20.6,17,93.2,84.9,9.4,77.6,0.5048,100.0,82.0,0,1064.0
21,George Pickens,WR,DAL,65.91,14.44,17,73.3,73.3,50.0,65.2,0.5371,100.0,93.0,137.0,943.0
22,Jahmyr Gibbs,RB,DET,65.89,19.32,17,89.4,77.2,43.8,56.5,0.45,80.0,320.0,94.0,685.0
23,D'Andre Swift,RB,CHI,65.85,13.22,16,59.9,60.3,87.5,65.4,0.5306,100.0,257.0,48.0,589.0
24,Jared Goff,QB,DET,65.17,17.94,17,80.8,93.4,43.8,56.5,0.45,100.0,19.0,0,1010.0
25,Saquon Barkley,RB,PHI,65.08,12.58,17,56.8,65.6,96.9,65.4,0.4726,81.5,317.0,50.0,773.0
26,Davante Adams,WR,LAR,64.87,13.78,14,69.7,53.5,68.8,81.4,0.5339,100.0,60.0,114.0,635.0
27,Hunter Henry,TE,NE,64.37,8.75,17,56.5,75.2,62.5,81.9,0.479,100.0,60.0,87.0,835.0
28,De'Von Achane,RB,MIA,63.97,18.08,16,83.4,100.0,25.0,15.5,0.5468,87.5,305.0,85.0,697.0
29,Kyren Williams,RB,LAR,63.93,14.43,17,65.7,62.3,68.8,81.4,0.5339,92.5,295.0,50.0,725.0
30,Amon-Ra St. Brown,WR,DET,63.65,15.62,17,79.6,80.5,43.8,56.5,0.45,61.6,120.0,172.0,870.0
31,A.J. Brown,WR,NE,63.0,11.33,16,56.6,68.2,62.5,81.9,0.479,100.0,78.0,121.0,843.0
32,DJ Moore,WR,BUF,62.99,8.54,17,41.6,70.8,84.4,100.0,0.4919,100.0,65.0,85.0,932.0
33,Bucky Irving,RB,TB,62.29,12.35,10,55.7,47.3,93.8,46.1,0.5274,100.0,203.0,35.0,421.0
34,Kenneth Walker,RB,KC,61.85,10.38,17,46.2,66.1,78.1,82.0,0.4855,100.0,252.0,36.0,498.0
35,Tyler Warren,TE,IND,60.98,8.85,17,57.2,83.7,90.6,57.2,0.4758,82.0,82.0,112.0,846.0
36,Jaxon Smith-Njigba,WR,SEA,60.83,17.67,17,90.6,64.7,56.2,30.4,0.521,72.4,126.0,163.0,829.0
37,RJ Harvey,RB,DEN,60.2,10.77,17,48.0,38.4,100.0,61.5,0.4823,100.0,193.0,58.0,448.0
38,Courtland Sutton,WR,DEN,60.14,10.75,17,53.4,70.5,100.0,61.5,0.4823,100.0,74.0,124.0,929.0
39,Derrick Henry,RB,BAL,59.96,16.0,17,73.3,89.9,28.1,49.5,0.4629,79.0,322.0,21.0,519.0
40,Jameson Williams,WR,DET,59.83,11.02,17,54.9,85.4,43.8,56.5,0.45,100.0,71.0,102.0,923.0
41,Colston Loveland,TE,CHI,59.57,8.51,16,54.8,64.4,87.5,65.4,0.5306,100.0,59.0,82.0,651.0
42,DeVonta Smith,WR,PHI,59.51,9.61,17,47.3,74.9,96.9,65.4,0.4726,100.0,77.0,113.0,879.0
43,Kenny Gainwell,RB,TB,59.48,10.93,17,48.8,43.6,93.8,46.1,0.5274,100.0,187.0,85.0,467.0
44,Dalton Kincaid,TE,BUF,59.3,8.88,12,57.4,24.7,84.4,100.0,0.4919,100.0,39.0,49.0,292.0
45,Ja'Marr Chase,WR,CIN,59.08,14.77,17,75.1,78.2,40.6,52.4,0.4532,46.0,128.0,185.0,919.0
46,Chris Olave,WR,NO,58.92,13.69,16,69.2,75.5,53.1,44.1,0.4565,80.8,101.0,156.0,887.0
47,Lamar Jackson,QB,BAL,58.86,17.07,13,76.7,64.4,28.1,49.5,0.4629,100.0,67.0,0,651.0
48,Aaron Rodgers,QB,PIT,58.84,14.6,16,65.1,85.0,59.4,29.8,0.5016,100.0,22.0,1.0,843.0
49,Daniel Jones,QB,IND,58.45,13.79,17,61.3,67.1,90.6,57.2,0.4758,100.0,45.0,0,756.0
50,Zay Flowers,WR,BAL,58.38,11.78,17,59.0,81.9,28.1,49.5,0.4629,100.0,96.0,118.0,828.0
51,Alec Pierce,WR,IND,58.19,10.65,15,52.9,68.3,90.6,57.2,0.4758,100.0,47.0,84.0,769.0
52,Sam Darnold,QB,SEA,58.16,14.67,17,65.4,80.1,56.2,30.4,0.521,100.0,35.0,0,1026.0
53,Chase Brown,RB,CIN,58.04,14.59,17,66.5,69.4,40.6,52.4,0.4532,89.5,301.0,88.0,700.0
54,Jaxson Dart,QB,NYG,57.95,16.44,15,73.7,65.6,31.2,53.8,0.5145,100.0,86.0,0,699.0
55,Javonte Williams,RB,DAL,57.87,13.25,17,60.0,60.4,50.0,65.2,0.5371,96.5,287.0,51.0,769.0
56,Jake Ferguson,TE,DAL,57.84,8.65,17,55.8,65.1,50.0,65.2,0.5371,97.0,83.0,102.0,753.0
57,Travis Etienne,RB,NO,57.56,13.88,17,63.1,59.8,53.1,44.1,0.4565,92.0,296.0,52.0,657.0
58,Michael Wilson,WR,ARI,57.18,10.68,17,53.1,76.3,34.4,57.8,0.55,100.0,78.0,126.0,872.0
59,George Kittle,TE,SF,57.16,8.31,16,53.3,45.0,71.9,79.3,0.4694,100.0,58.0,69.0,554.0
60,Ladd McConkey,WR,LAC,57.15,8.7,17,42.4,78.2,81.2,62.8,0.5113,100.0,66.0,106.0,838.0
61,Rico Dowdle,RB,PIT,57.02,11.58,17,52.0,65.0,59.4,29.8,0.5016,100.0,275.0,50.0,591.0
62,CeeDee Lamb,WR,DAL,57.01,11.67,14,58.4,54.9,50.0,65.2,0.5371,100.0,76.0,117.0,707.0
63,Rome Odunze,WR,CHI,57.0,9.55,13,47.0,65.2,87.5,65.4,0.5306,100.0,44.0,90.0,733.0
64,Jaylen Warren,RB,PIT,56.95,12.32,16,55.5,59.4,59.4,29.8,0.5016,100.0,251.0,45.0,461.0
65,Quentin Johnston,WR,LAC,56.9,9.71,15,47.8,67.5,81.2,62.8,0.5113,100.0,53.0,85.0,723.0
66,Khalil Shakir,WR,BUF,56.84,7.67,17,36.9,48.3,84.4,100.0,0.4919,100.0,73.0,95.0,635.0
67,Ashton Jeanty,RB,LV,56.5,12.8,17,57.9,88.9,46.9,0.0,0.4887,79.5,321.0,73.0,711.0
68,Jordan Love,QB,GB,56.29,15.07,16,67.3,93.4,15.6,41.6,0.5242,100.0,47.0,0,894.0
69,Colby Parkinson,TE,LAR,56.19,7.22,15,45.6,52.3,68.8,81.4,0.5339,100.0,43.0,56.0,558.0
70,TreVeyon Henderson,RB,NE,56.1,11.1,17,49.6,47.9,62.5,81.9,0.479,100.0,215.0,42.0,477.0
71,Theo Johnson,TE,NYG,56.06,7.02,15,44.2,91.1,31.2,53.8,0.5145,100.0,45.0,74.0,872.0
72,Tee Higgins,WR,CIN,55.95,12.14,15,60.9,60.4,40.6,52.4,0.4532,100.0,59.0,98.0,710.0
73,Josh Jacobs,RB,GB,55.93,14.61,15,66.6,78.5,15.6,41.6,0.5242,100.0,270.0,44.0,554.0
74,Romeo Doubs,WR,NE,55.89,8.11,17,39.2,63.1,62.5,81.9,0.479,100.0,55.0,85.0,780.0
75,Jaylen Waddle,WR,DEN,55.86,10.13,16,50.1,54.9,100.0,61.5,0.4823,100.0,66.0,100.0,724.0
76,Dawson Knox,TE,BUF,55.78,5.04,17,30.1,54.9,84.4,100.0,0.4919,100.0,36.0,49.0,649.0
77,Emeka Egbuka,WR,TB,55.68,9.66,17,47.6,75.3,93.8,46.1,0.5274,100.0,65.0,127.0,886.0
78,Justin Jefferson,WR,MIN,55.6,9.38,17,46.1,89.1,65.6,42.2,0.4952,98.8,86.0,141.0,890.0
79,Deebo Samuel,WR,SF,55.56,9.51,16,46.8,48.4,71.9,79.3,0.4694,100.0,89.0,99.0,664.0
80,Cade Otton,TE,TB,55.15,5.79,16,35.4,94.0,93.8,46.1,0.5274,100.0,59.0,81.0,993.0
81,Kyle Monangai,RB,CHI,55.13,8.1,17,35.1,43.9,87.5,65.4,0.5306,100.0,187.0,30.0,455.0
82,Juwan Johnson,TE,NO,55.05,8.32,17,53.4,75.7,53.1,44.1,0.4565,97.0,77.0,102.0,799.0
83,Oronde Gadsden,TE,LAC,54.78,7.13,15,45.0,61.8,81.2,62.8,0.5113,100.0,49.0,69.0,595.0
84,Rhamondre Stevenson,RB,NE,54.52,11.63,14,52.2,36.1,62.5,81.9,0.479,100.0,162.0,37.0,505.0
85,Jauan Jennings,WR,MIN,54.45,9.72,15,47.9,79.6,65.6,42.2,0.4952,100.0,55.0,90.0,795.0
86,Kyle Pitts,TE,ATL,54.32,9.81,17,64.0,81.5,75.0,22.6,0.5081,73.0,88.0,118.0,903.0
87,C.J. Stroud,QB,HOU,54.23,15.47,14,69.2,61.1,18.8,36.7,0.5177,100.0,48.0,0,824.0
88,Xavier Worthy,WR,KC,54.16,6.35,14,29.8,66.9,78.1,82.0,0.4855,100.0,53.0,73.0,645.0
89,Jakobi Meyers,WR,JAX,53.94,8.64,16,42.1,65.8,9.4,77.6,0.5048,100.0,80.0,110.0,824.0
90,Breece Hall,RB,NYJ,53.9,11.85,16,53.3,73.1,37.5,14.9,0.4597,100.0,279.0,48.0,640.0
91,Tua Tagovailoa,QB,ATL,53.88,12.55,14,55.5,63.0,75.0,22.6,0.5081,100.0,20.0,0,778.0
92,Drake London,WR,ATL,53.68,13.99,12,70.9,52.7,75.0,22.6,0.5081,100.0,68.0,112.0,650.0
93,Bryce Young,QB,CAR,53.38,14.31,16,63.7,74.2,21.9,27.6,0.5435,100.0,54.0,0,964.0
94,Jacoby Brissett,QB,ARI,52.89,13.85,17,61.6,66.2,34.4,57.8,0.55,100.0,38.0,0,757.0
95,Parker Washington,WR,JAX,52.86,9.73,16,48.0,50.1,9.4,77.6,0.5048,100.0,65.0,95.0,627.0
96,Philip Rivers,QB,FA,52.86,11.55,3,50.8,0.0,50.0,50.0,50.0,100.0,2.0,0,172.0
97,J.K. Dobbins,RB,DEN,52.83,6.49,17,27.3,32.6,100.0,61.5,0.4823,100.0,164.0,14.0,340.0
98,Jayden Daniels,QB,WAS,52.8,16.75,7,75.2,35.4,3.1,47.0,0.5403,100.0,58.0,0,405.0
99,Michael Pittman,WR,PIT,52.77,9.55,17,47.0,86.7,59.4,29.8,0.5016,100.0,80.0,111.0,860.0
100,Keon Coleman,WR,BUF,52.66,6.42,13,30.2,39.1,84.4,100.0,0.4919,100.0,38.0,59.0,515.0
101,Harold Fannin,TE,CLE,52.29,9.4,16,61.1,100.0,6.2,8.0,0.4661,89.5,79.0,107.0,786.0
102,Nico Collins,WR,HOU,52.27,12.71,15,64.0,57.7,18.8,36.7,0.5177,100.0,73.0,120.0,778.0
103,Zach Charbonnet,RB,SEA,52.05,10.71,16,47.8,49.5,56.2,30.4,0.521,100.0,204.0,24.0,489.0
104,Rashee Rice,WR,KC,51.97,7.73,16,37.2,43.0,78.1,82.0,0.4855,100.0,58.0,78.0,415.0
105,Troy Franklin,WR,DEN,51.62,8.51,17,41.4,48.9,100.0,61.5,0.4823,100.0,70.0,104.0,645.0
106,Geno Smith,QB,NYJ,51.37,12.73,15,56.3,71.9,37.5,14.9,0.4597,100.0,41.0,0,863.0
107,Omarion Hampton,RB,LAC,51.24,7.48,16,32.1,35.9,81.2,62.8,0.5113,100.0,156.0,35.0,384.0
108,Brian Thomas,WR,JAX,51.22,8.2,14,39.7,56.4,9.4,77.6,0.5048,100.0,51.0,91.0,706.0
109,Zach Ertz,TE,PHI,51.22,5.96,17,36.6,52.2,96.9,65.4,0.4726,100.0,50.0,72.0,551.0
110,Kimani Vidal,RB,LAC,51.07,6.87,16,29.2,39.4,81.2,62.8,0.5113,100.0,171.0,22.0,467.0
111,Brock Bowers,TE,LV,50.94,10.3,14,67.5,74.6,46.9,0.0,0.4887,100.0,66.0,86.0,605.0
112,Keenan Allen,WR,IND,50.75,8.36,17,40.6,52.6,90.6,57.2,0.4758,100.0,81.0,122.0,592.0
113,DK Metcalf,WR,PIT,50.55,9.28,17,45.5,78.2,59.4,29.8,0.5016,100.0,61.0,99.0,776.0
114,J.J. McCarthy,QB,NYG,50.22,13.74,10,61.1,45.0,31.2,53.8,0.5145,100.0,37.0,0,480.0
115,Justin Fields,QB,KC,49.92,11.05,13,48.5,51.9,78.1,82.0,0.4855,100.0,71.0,1.0,501.0
116,David Njoku,TE,LAC,49.85,5.82,12,35.7,53.4,81.2,62.8,0.5113,100.0,33.0,48.0,514.0
117,T.J. Hockenson,TE,MIN,49.66,5.82,15,35.7,77.0,65.6,42.2,0.4952,100.0,52.0,66.0,691.0
118,Cole Kmet,TE,CHI,49.66,3.98,16,22.6,71.2,87.5,65.4,0.5306,100.0,30.0,48.0,719.0
119,AJ Barner,TE,SEA,49.07,7.14,17,45.0,71.9,56.2,30.4,0.521,100.0,62.0,68.0,827.0
120,Tetairoa McMillan,WR,CAR,48.93,10.38,17,51.5,71.2,21.9,27.6,0.5435,100.0,70.0,122.0,925.0
121,Cam Ward,QB,TEN,48.85,11.39,17,50.0,100.0,12.5,4.3,0.4984,100.0,39.0,0,1002.0
122,Mack Hollins,WR,NE,48.68,5.32,17,24.2,53.3,62.5,81.9,0.479,100.0,47.0,65.0,659.0
123,Jordan Mason,RB,MIN,48.5,7.62,16,32.8,41.9,65.6,42.2,0.4952,100.0,173.0,16.0,386.0
124,Wan'Dale Robinson,WR,TEN,48.45,10.11,17,50.0,97.1,12.5,4.3,0.4984,100.0,95.0,140.0,973.0
125,Dalton Schultz,TE,HOU,48.44,8.04,17,51.4,65.1,18.8,36.7,0.5177,91.0,82.0,106.0,789.0
126,Marquise Brown,WR,PHI,48.27,7.08,16,33.7,42.5,96.9,65.4,0.4726,100.0,49.0,74.0,499.0
127,Ricky Pearsall,WR,SF,48.26,7.06,10,33.6,35.0,71.9,79.3,0.4694,100.0,38.0,53.0,480.0
128,Blake Corum,RB,LAR,48.22,6.95,17,29.6,32.3,68.8,81.4,0.5339,100.0,153.0,14.0,307.0
129,Mark Andrews,TE,BAL,48.22,6.29,17,39.0,66.1,28.1,49.5,0.4629,100.0,58.0,70.0,600.0
130,Brenton Strange,TE,JAX,47.76,5.59,17,34.0,49.1,9.4,77.6,0.5048,100.0,46.0,60.0,553.0
131,Darius Slayton,WR,IND,47.55,5.74,14,26.5,61.3,90.6,57.2,0.4758,100.0,37.0,63.0,690.0
132,Marvin Harrison,WR,ARI,47.23,8.25,13,40.0,49.5,34.4,57.8,0.55,100.0,41.0,73.0,566.0
133,Josh Downs,WR,IND,46.93,6.71,16,31.7,49.1,90.6,57.2,0.4758,100.0,60.0,88.0,553.0
134,Sean Tucker,RB,TB,46.74,5.14,17,20.8,21.9,93.8,46.1,0.5274,100.0,94.0,11.0,177.0
135,Jackson Hawes,TE,BUF,46.68,2.63,17,13.0,39.3,84.4,100.0,0.4919,100.0,16.0,19.0,465.0
136,Stefon Diggs,WR,WAS,46.43,9.87,17,48.7,48.9,3.1,47.0,0.5403,100.0,85.0,102.0,560.0
137,Aaron Jones,RB,MIN,46.3,6.54,16,27.6,38.7,65.6,42.2,0.4952,100.0,160.0,41.0,366.0
138,Tyrone Tracy,RB,NYG,46.24,9.52,15,42.0,48.3,31.2,53.8,0.5145,100.0,212.0,48.0,496.0
139,Ty Johnson,RB,BUF,46.19,5.19,17,21.0,14.8,84.4,100.0,0.4919,100.0,74.0,33.0,310.0
140,Jordan Addison,WR,MIN,45.92,6.71,17,31.7,65.3,65.6,42.2,0.4952,100.0,44.0,79.0,652.0
141,Luther Burden,WR,CHI,45.63,6.96,15,33.1,32.7,87.5,65.4,0.5306,100.0,53.0,60.0,368.0
142,Jake Tonges,TE,SF,45.29,4.55,17,26.6,32.4,71.9,79.3,0.4694,100.0,34.0,46.0,399.0
143,Davis Allen,TE,LAR,45.21,2.99,17,15.6,49.9,68.8,81.4,0.5339,100.0,24.0,33.0,532.0
144,Tre Tucker,WR,LV,45.12,7.84,17,37.8,97.5,46.9,0.0,0.4887,100.0,68.0,92.0,881.0
145,Sam LaPorta,TE,DET,44.89,5.11,17,30.6,53.2,43.8,56.5,0.45,100.0,40.0,49.0,517.0
146,Tyquan Thornton,WR,KC,44.85,4.46,16,19.6,38.2,78.1,82.0,0.4855,100.0,19.0,37.0,368.0
147,Evan Engram,TE,DEN,44.77,4.86,16,28.8,36.7,100.0,61.5,0.4823,100.0,51.0,76.0,435.0
148,Noah Gray,TE,KC,44.53,1.77,16,6.9,58.8,78.1,82.0,0.4855,100.0,21.0,37.0,509.0
149,Alvin Kamara,RB,NO,44.36,7.65,11,32.9,33.1,53.1,44.1,0.4565,100.0,164.0,39.0,457.0
150,Joshua Palmer,WR,BUF,44.22,3.44,12,14.1,25.1,84.4,100.0,0.4919,100.0,22.0,37.0,330.0
