rank,name,pos,team,composite_std,ppg_std,games,production_score_std,opportunity_score,oline_score,qb_quality_score,sos_score,durability_score,touches,targets,snaps
1,Josh Allen,QB,BUF,76.39,22.04,17,100.0,78.5,84.4,100.0,0.4919,100.0,112.0,0,1033.0
2,Jonathan Taylor,RB,IND,75.49,18.61,17,100.0,80.7,90.6,57.2,0.4758,55.5,369.0,55.0,849.0
3,Matthew Stafford,QB,LAR,73.92,21.08,17,95.5,89.6,68.8,81.4,0.5339,100.0,29.0,0,1045.0
4,Puka Nacua,WR,LAR,73.35,15.37,16,100.0,58.5,68.8,81.4,0.5339,68.8,139.0,166.0,675.0
5,Drake Maye,QB,NE,72.5,21.12,17,95.7,80.9,62.5,81.9,0.479,100.0,104.0,1.0,1005.0
6,Caleb Williams,QB,CHI,72.14,19.01,17,85.8,96.7,87.5,65.4,0.5306,100.0,79.0,2.0,1088.0
7,Trey McBride,TE,ARI,71.66,11.17,17,100.0,96.6,34.4,57.8,0.55,40.0,126.0,169.0,981.0
8,Christian McCaffrey,RB,SF,71.45,18.51,17,99.4,86.2,71.9,79.3,0.4694,40.0,413.0,129.0,932.0
9,James Cook,RB,BUF,71.32,15.84,17,84.6,68.3,84.4,100.0,0.4919,69.0,342.0,40.0,637.0
10,Bo Nix,QB,DEN,70.98,18.58,17,83.8,81.7,100.0,61.5,0.4823,100.0,83.0,1.0,1077.0
11,Justin Herbert,QB,LAC,70.98,18.74,16,84.5,97.3,81.2,62.8,0.5113,100.0,83.0,0,1043.0
12,Travis Kelce,TE,KC,70.15,6.89,17,60.0,100.0,78.1,82.0,0.4855,88.0,77.0,108.0,851.0
13,Jalen Hurts,QB,PHI,69.36,17.94,17,80.8,82.2,96.9,65.4,0.4726,100.0,105.0,0,965.0
14,Bijan Robinson,RB,ATL,69.19,17.16,17,92.0,84.3,75.0,22.6,0.5081,57.0,366.0,103.0,807.0
15,Dallas Goedert,TE,PHI,68.93,8.34,15,73.6,76.0,96.9,65.4,0.4726,100.0,60.0,82.0,787.0
16,Brock Purdy,QB,SF,68.92,20.82,9,94.3,42.0,71.9,79.3,0.4694,100.0,33.0,0,576.0
17,Patrick Mahomes,QB,KC,67.78,17.39,17,78.2,96.8,78.1,82.0,0.4855,100.0,65.0,1.0,934.0
18,Baker Mayfield,QB,TB,67.44,16.64,17,74.7,93.4,93.8,46.1,0.5274,100.0,55.0,0,1099.0
19,Dak Prescott,QB,DAL,67.41,19.05,17,86.0,86.0,50.0,65.2,0.5371,100.0,53.0,0,1107.0
20,D'Andre Swift,RB,CHI,67.14,12.16,16,64.2,60.3,87.5,65.4,0.5306,100.0,257.0,48.0,589.0
21,Davante Adams,WR,LAR,66.97,11.64,14,74.8,55.1,68.8,81.4,0.5339,100.0,60.0,114.0,635.0
22,George Pickens,WR,DAL,66.77,11.7,17,75.3,74.1,50.0,65.2,0.5371,100.0,93.0,137.0,943.0
23,Jahmyr Gibbs,RB,DET,66.49,17.05,17,91.4,77.2,43.8,56.5,0.45,80.0,320.0,94.0,685.0
24,Trevor Lawrence,QB,JAX,66.47,20.6,17,93.2,84.9,9.4,77.6,0.5048,100.0,82.0,0,1064.0
25,Saquon Barkley,RB,PHI,66.19,11.49,17,60.5,65.6,96.9,65.4,0.4726,81.5,317.0,50.0,773.0
26,Hunter Henry,TE,NE,66.14,6.99,17,61.0,76.2,62.5,81.9,0.479,100.0,60.0,87.0,835.0
27,Kyren Williams,RB,LAR,65.8,13.37,17,71.0,63.7,68.8,81.4,0.5339,92.5,295.0,50.0,725.0
28,Jared Goff,QB,DET,65.17,17.94,17,80.8,93.4,43.8,56.5,0.45,100.0,19.0,0,1010.0
29,De'Von Achane,RB,MIA,64.6,15.99,16,85.5,100.0,25.0,15.5,0.5468,87.5,305.0,85.0,697.0
30,DJ Moore,WR,BUF,63.99,7.07,17,44.0,71.6,84.4,100.0,0.4919,100.0,65.0,85.0,932.0
31,Amon-Ra St. Brown,WR,DET,63.45,12.18,17,78.5,81.4,43.8,56.5,0.45,61.6,120.0,172.0,870.0
32,Derrick Henry,RB,BAL,63.04,15.56,17,83.1,90.6,28.1,49.5,0.4629,79.0,322.0,21.0,519.0
33,A.J. Brown,WR,NE,62.98,8.89,16,56.3,68.6,62.5,81.9,0.479,100.0,78.0,121.0,843.0
34,Kenneth Walker,RB,KC,62.78,9.46,17,49.3,66.1,78.1,82.0,0.4855,100.0,252.0,36.0,498.0
35,Bucky Irving,RB,TB,62.68,10.85,10,57.0,47.3,93.8,46.1,0.5274,100.0,203.0,35.0,421.0
36,Dalton Kincaid,TE,BUF,61.51,7.26,12,63.5,25.1,84.4,100.0,0.4919,100.0,39.0,49.0,292.0
37,Jaxon Smith-Njigba,WR,SEA,61.43,14.17,17,91.9,65.4,56.2,30.4,0.521,72.4,126.0,163.0,829.0
38,Tyler Warren,TE,IND,61.38,6.62,17,57.5,85.2,90.6,57.2,0.4758,82.0,82.0,112.0,846.0
39,Jameson Williams,WR,DET,61.02,9.11,17,57.8,86.3,43.8,56.5,0.45,100.0,71.0,102.0,923.0
40,Colston Loveland,TE,CHI,61.0,6.69,16,58.2,65.6,87.5,65.4,0.5306,100.0,59.0,82.0,651.0
41,Courtland Sutton,WR,DEN,60.52,8.57,17,54.1,71.2,100.0,61.5,0.4823,100.0,74.0,124.0,929.0
42,RJ Harvey,RB,DEN,60.47,9.39,17,48.9,38.4,100.0,61.5,0.4823,100.0,193.0,58.0,448.0
43,Alec Pierce,WR,IND,60.03,9.09,15,57.7,69.1,90.6,57.2,0.4758,100.0,47.0,84.0,769.0
44,Javonte Williams,RB,DAL,59.25,12.22,17,64.6,60.4,50.0,65.2,0.5371,96.5,287.0,51.0,769.0
45,DeVonta Smith,WR,PHI,59.18,7.34,17,45.9,75.7,96.9,65.4,0.4726,100.0,77.0,113.0,879.0
46,Travis Etienne,RB,NO,59.0,12.82,17,67.9,59.8,53.1,44.1,0.4565,92.0,296.0,52.0,657.0
47,Lamar Jackson,QB,BAL,58.86,17.07,13,76.7,64.4,28.1,49.5,0.4629,100.0,67.0,0,651.0
48,Aaron Rodgers,QB,PIT,58.79,14.57,16,65.0,85.0,59.4,29.8,0.5016,100.0,22.0,1.0,843.0
49,Chris Olave,WR,NO,58.52,10.56,16,67.6,76.3,53.1,44.1,0.4565,80.8,101.0,156.0,887.0
50,George Kittle,TE,SF,58.51,6.53,16,56.7,45.8,71.9,79.3,0.4694,100.0,58.0,69.0,554.0
51,Kenny Gainwell,RB,TB,58.49,8.78,17,45.5,43.6,93.8,46.1,0.5274,100.0,187.0,85.0,467.0
52,Zay Flowers,WR,BAL,58.46,9.25,17,58.7,82.8,28.1,49.5,0.4629,100.0,96.0,118.0,828.0
53,Daniel Jones,QB,IND,58.45,13.79,17,61.3,67.1,90.6,57.2,0.4758,100.0,45.0,0,756.0
54,Sam Darnold,QB,SEA,58.16,14.67,17,65.4,80.1,56.2,30.4,0.521,100.0,35.0,0,1026.0
55,Jaxson Dart,QB,NYG,58.1,16.44,15,73.7,67.1,31.2,53.8,0.5145,100.0,86.0,0,699.0
56,Chase Brown,RB,CIN,58.04,12.56,17,66.5,69.4,40.6,52.4,0.4532,89.5,301.0,88.0,700.0
57,Colby Parkinson,TE,LAR,58.04,5.79,15,49.8,54.2,68.8,81.4,0.5339,100.0,43.0,56.0,558.0
58,Quentin Johnston,WR,LAC,57.95,8.01,15,50.4,68.2,81.2,62.8,0.5113,100.0,53.0,85.0,723.0
59,Rome Odunze,WR,CHI,57.94,7.85,13,49.3,65.9,87.5,65.4,0.5306,100.0,44.0,90.0,733.0
60,Theo Johnson,TE,NYG,57.87,5.52,15,47.2,94.9,31.2,53.8,0.5145,100.0,45.0,74.0,872.0
61,Ja'Marr Chase,WR,CIN,57.86,11.09,17,71.1,79.1,40.6,52.4,0.4532,46.0,128.0,185.0,919.0
62,Rico Dowdle,RB,PIT,57.83,10.43,17,54.7,65.0,59.4,29.8,0.5016,100.0,275.0,50.0,591.0
63,Jaylen Warren,RB,PIT,57.76,11.07,16,58.2,59.4,59.4,29.8,0.5016,100.0,251.0,45.0,461.0
64,Tee Higgins,WR,CIN,57.49,10.17,15,64.9,61.1,40.6,52.4,0.4532,100.0,59.0,98.0,710.0
65,Jake Ferguson,TE,DAL,57.45,6.24,17,54.0,66.3,50.0,65.2,0.5371,97.0,83.0,102.0,753.0
66,Ashton Jeanty,RB,LV,57.35,11.18,17,58.8,91.8,46.9,0.0,0.4887,79.5,321.0,73.0,711.0
67,Josh Jacobs,RB,GB,57.29,13.41,15,71.2,78.4,15.6,41.6,0.5242,100.0,270.0,44.0,554.0
68,Michael Wilson,WR,ARI,57.17,8.39,17,52.9,76.6,34.4,57.8,0.55,100.0,78.0,126.0,872.0
69,Ladd McConkey,WR,LAC,57.16,6.76,17,41.9,79.1,81.2,62.8,0.5113,100.0,66.0,106.0,838.0
70,TreVeyon Henderson,RB,NE,57.03,10.07,17,52.7,47.9,62.5,81.9,0.479,100.0,215.0,42.0,477.0
71,Dawson Knox,TE,BUF,56.96,3.98,17,32.9,55.9,84.4,100.0,0.4919,100.0,36.0,49.0,649.0
72,CeeDee Lamb,WR,DAL,56.64,8.99,14,57.0,55.5,50.0,65.2,0.5371,100.0,76.0,117.0,707.0
73,Jaylen Waddle,WR,DEN,56.37,8.13,16,51.2,55.5,100.0,61.5,0.4823,100.0,66.0,100.0,724.0
74,Emeka Egbuka,WR,TB,56.33,7.81,17,49.0,76.1,93.8,46.1,0.5274,100.0,65.0,127.0,886.0
75,Romeo Doubs,WR,NE,56.29,6.49,17,40.1,63.5,62.5,81.9,0.479,100.0,55.0,85.0,780.0
76,Kyle Monangai,RB,CHI,56.24,7.57,17,38.8,43.9,87.5,65.4,0.5306,100.0,187.0,30.0,455.0
77,Khalil Shakir,WR,BUF,55.86,5.55,17,33.8,48.8,84.4,100.0,0.4919,100.0,73.0,95.0,635.0
78,Oronde Gadsden,TE,LAC,55.7,5.49,15,47.0,62.9,81.2,62.8,0.5113,100.0,49.0,69.0,595.0
79,Jordan Love,QB,GB,55.45,15.07,16,67.3,85.0,15.6,41.6,0.5242,100.0,47.0,0,894.0
80,Rhamondre Stevenson,RB,NE,55.36,10.49,14,55.0,36.1,62.5,81.9,0.479,100.0,162.0,37.0,505.0
81,Deebo Samuel,WR,SF,55.14,7.26,16,45.3,48.9,71.9,79.3,0.4694,100.0,89.0,99.0,664.0
82,Jauan Jennings,WR,MIN,55.11,7.89,15,49.6,79.9,65.6,42.2,0.4952,100.0,55.0,90.0,795.0
83,Juwan Johnson,TE,NO,54.91,6.05,17,52.2,77.1,53.1,44.1,0.4565,97.0,77.0,102.0,799.0
84,Breece Hall,RB,NYJ,54.8,10.73,16,56.3,73.1,37.5,14.9,0.4597,100.0,279.0,48.0,640.0
85,Justin Jefferson,WR,MIN,54.58,6.91,17,43.0,89.4,65.6,42.2,0.4952,98.8,86.0,141.0,890.0
86,Cade Otton,TE,TB,54.51,3.95,16,32.6,95.7,93.8,46.1,0.5274,100.0,59.0,81.0,993.0
87,Kyle Pitts,TE,ATL,54.29,7.22,17,63.1,82.9,75.0,22.6,0.5081,73.0,88.0,118.0,903.0
88,C.J. Stroud,QB,HOU,54.18,15.47,14,69.2,60.6,18.8,36.7,0.5177,100.0,48.0,0,824.0
89,Xavier Worthy,WR,KC,54.06,4.85,14,29.1,67.6,78.1,82.0,0.4855,100.0,53.0,73.0,645.0
90,Drake London,WR,ATL,54.02,11.16,12,71.6,53.2,75.0,22.6,0.5081,100.0,68.0,112.0,650.0
91,J.K. Dobbins,RB,DEN,53.94,6.17,17,31.0,32.6,100.0,61.5,0.4823,100.0,164.0,14.0,340.0
92,Tua Tagovailoa,QB,ATL,53.88,12.55,14,55.5,63.0,75.0,22.6,0.5081,100.0,20.0,0,778.0
93,Parker Washington,WR,JAX,53.59,7.92,16,49.8,50.6,9.4,77.6,0.5048,100.0,65.0,95.0,627.0
94,Zach Charbonnet,RB,SEA,53.55,10.09,16,52.8,49.5,56.2,30.4,0.521,100.0,204.0,24.0,489.0
95,Bryce Young,QB,CAR,53.51,14.31,16,63.7,75.5,21.9,27.6,0.5435,100.0,54.0,0,964.0
96,Nico Collins,WR,HOU,53.03,10.35,15,66.1,57.8,18.8,36.7,0.5177,100.0,73.0,120.0,778.0
97,Jakobi Meyers,WR,JAX,52.92,6.3,16,38.8,66.5,9.4,77.6,0.5048,100.0,80.0,110.0,824.0
98,Philip Rivers,QB,FA,52.86,11.55,3,50.8,0.0,50.0,50.0,50.0,100.0,2.0,0,172.0
99,Jacoby Brissett,QB,ARI,52.85,13.85,17,61.6,65.8,34.4,57.8,0.55,100.0,38.0,0,757.0
100,Jayden Daniels,QB,WAS,52.78,16.75,7,75.2,35.2,3.1,47.0,0.5403,100.0,58.0,0,405.0
101,Keon Coleman,WR,BUF,52.58,4.95,13,29.7,39.6,84.4,100.0,0.4919,100.0,38.0,59.0,515.0
102,Brock Bowers,TE,LV,52.47,8.01,14,70.5,77.0,46.9,0.0,0.4887,100.0,66.0,86.0,605.0
103,Harold Fannin,TE,CLE,52.34,7.15,16,62.5,97.8,6.2,8.0,0.4661,89.5,79.0,107.0,786.0
104,Michael Pittman,WR,PIT,52.24,7.2,17,44.9,87.7,59.4,29.8,0.5016,100.0,80.0,111.0,860.0
105,Rashee Rice,WR,KC,52.11,6.07,16,37.3,43.5,78.1,82.0,0.4855,100.0,58.0,78.0,415.0
106,Kimani Vidal,RB,LAC,51.97,6.37,16,32.2,39.4,81.2,62.8,0.5113,100.0,171.0,22.0,467.0
107,Zach Ertz,TE,PHI,51.77,4.49,17,37.6,53.2,96.9,65.4,0.4726,100.0,50.0,72.0,551.0
108,Troy Franklin,WR,DEN,51.53,6.59,17,40.8,49.5,100.0,61.5,0.4823,100.0,70.0,104.0,645.0
109,Brian Thomas,WR,JAX,51.48,6.49,14,40.1,57.0,9.4,77.6,0.5048,100.0,51.0,91.0,706.0
110,Omarion Hampton,RB,LAC,51.45,6.48,16,32.8,35.9,81.2,62.8,0.5113,100.0,156.0,35.0,384.0
111,Geno Smith,QB,NYJ,51.37,12.73,15,56.3,71.9,37.5,14.9,0.4597,100.0,41.0,0,863.0
112,DK Metcalf,WR,PIT,51.32,7.54,17,47.2,79.1,59.4,29.8,0.5016,100.0,61.0,99.0,776.0
113,David Njoku,TE,LAC,50.57,4.44,12,37.2,54.4,81.2,62.8,0.5113,100.0,33.0,48.0,514.0
114,AJ Barner,TE,SEA,50.42,5.61,17,48.1,73.2,56.2,30.4,0.521,100.0,62.0,68.0,827.0
115,Cole Kmet,TE,CHI,50.42,3.04,16,24.1,72.4,87.5,65.4,0.5306,100.0,30.0,48.0,719.0
116,J.J. McCarthy,QB,NYG,50.33,13.74,10,61.1,46.1,31.2,53.8,0.5145,100.0,37.0,0,480.0
117,Justin Fields,QB,KC,49.92,11.05,13,48.5,51.9,78.1,82.0,0.4855,100.0,71.0,1.0,501.0
118,Blake Corum,RB,LAR,49.71,6.72,17,34.1,33.0,68.8,81.4,0.5339,100.0,153.0,14.0,307.0
119,Tetairoa McMillan,WR,CAR,49.7,8.32,17,52.5,73.3,21.9,27.6,0.5435,100.0,70.0,122.0,925.0
120,Keenan Allen,WR,IND,49.5,5.98,17,36.7,53.2,90.6,57.2,0.4758,100.0,81.0,122.0,592.0
121,Jordan Mason,RB,MIN,49.32,7.18,16,36.6,40.3,65.6,42.2,0.4952,100.0,173.0,16.0,386.0
122,T.J. Hockenson,TE,MIN,49.3,4.12,15,34.2,77.8,65.6,42.2,0.4952,100.0,52.0,66.0,691.0
123,Mark Andrews,TE,BAL,49.27,4.88,17,41.3,67.3,28.1,49.5,0.4629,100.0,58.0,70.0,600.0
124,Cam Ward,QB,TEN,48.85,11.39,17,50.0,100.0,12.5,4.3,0.4984,100.0,39.0,0,1002.0
125,Brenton Strange,TE,JAX,48.4,4.24,17,35.3,50.0,9.4,77.6,0.5048,100.0,46.0,60.0,553.0
126,Marquise Brown,WR,PHI,48.37,5.54,16,33.7,43.0,96.9,65.4,0.4726,100.0,49.0,74.0,499.0
127,Mack Hollins,WR,NE,48.36,3.96,17,23.1,53.6,62.5,81.9,0.479,100.0,47.0,65.0,659.0
128,Jackson Hawes,TE,BUF,47.83,2.16,17,15.9,40.0,84.4,100.0,0.4919,100.0,16.0,19.0,465.0
129,Marvin Harrison,WR,ARI,47.77,6.68,13,41.4,49.7,34.4,57.8,0.55,100.0,41.0,73.0,566.0
130,Sean Tucker,RB,TB,47.73,4.91,17,24.1,21.9,93.8,46.1,0.5274,100.0,94.0,11.0,177.0
131,Ricky Pearsall,WR,SF,47.71,5.26,10,31.8,35.4,71.9,79.3,0.4694,100.0,38.0,53.0,480.0
132,Darius Slayton,WR,IND,47.55,4.41,14,26.1,62.0,90.6,57.2,0.4758,100.0,37.0,63.0,690.0
133,Dalton Schultz,TE,HOU,47.48,5.63,17,48.3,65.7,18.8,36.7,0.5177,91.0,82.0,106.0,789.0
134,Wan'Dale Robinson,WR,TEN,47.38,7.41,17,46.3,98.2,12.5,4.3,0.4984,100.0,95.0,140.0,973.0
135,Tyrone Tracy,RB,NYG,46.54,8.32,15,43.0,48.3,31.2,53.8,0.5145,100.0,212.0,48.0,496.0
136,Jordan Addison,WR,MIN,46.52,5.48,17,33.3,65.5,65.6,42.2,0.4952,100.0,44.0,79.0,652.0
137,Ty Johnson,RB,BUF,46.4,4.49,17,21.7,14.8,84.4,100.0,0.4919,100.0,74.0,33.0,310.0
138,Josh Downs,WR,IND,46.25,4.9,16,29.4,49.7,90.6,57.2,0.4758,100.0,60.0,88.0,553.0
139,Aaron Jones,RB,MIN,46.23,5.67,16,28.3,37.3,65.6,42.2,0.4952,100.0,160.0,41.0,366.0
140,Jake Tonges,TE,SF,46.22,3.55,17,28.9,33.0,71.9,79.3,0.4694,100.0,34.0,46.0,399.0
141,Davis Allen,TE,LAR,46.06,2.28,17,17.0,51.7,68.8,81.4,0.5339,100.0,24.0,33.0,532.0
142,Tyquan Thornton,WR,KC,45.91,3.86,16,22.4,38.6,78.1,82.0,0.4855,100.0,19.0,37.0,368.0
143,Sam LaPorta,TE,DET,45.75,3.94,17,32.5,54.2,43.8,56.5,0.45,100.0,40.0,49.0,517.0
144,Tre Tucker,WR,LV,45.66,6.16,17,37.9,100.0,46.9,0.0,0.4887,100.0,68.0,92.0,881.0
145,Luther Burden,WR,CHI,45.57,5.39,15,32.7,33.1,87.5,65.4,0.5306,100.0,53.0,60.0,368.0
146,Stefon Diggs,WR,WAS,45.56,7.37,17,46.1,49.1,3.1,47.0,0.5403,100.0,85.0,102.0,560.0
147,Terrance Ferguson,TE,LAR,44.81,2.94,14,23.2,34.6,68.8,81.4,0.5339,100.0,12.0,25.0,356.0
148,Jaydon Blue,RB,PHI,44.81,3.88,5,18.3,8.1,96.9,65.4,0.4726,100.0,39.0,1.0,45.0
149,Tank Bigsby,RB,PHI,44.46,2.99,17,13.4,13.7,96.9,65.4,0.4726,100.0,66.0,4.0,101.0
150,Noah Gray,TE,KC,44.45,1.11,16,6.1,59.8,78.1,82.0,0.4855,100.0,21.0,37.0,509.0
